gene_id,nickname,accession,source,substrate,activity,peak_value,peak_timepoint_hours,min_value,min_timepoint_hours,flag,timepoint_count
AdCut,TragicAttitude,WP_058088494.1,GenBank,BHET12.5,,0.012642157016671263,120,,,peak_at_end,6
AdCut,TragicAttitude,WP_058088494.1,GenBank,BHET25,0.019490196165861562,0.011617647134698927,8,-0.007872549031162634,48,peak_at_start,6
AR00001,UnimportantConsist,AR241010_8,GRASP_241010,BHET12.5,,0.1203553918749094,120,,,peak_at_end,6
AR00001,UnimportantConsist,AR241010_8,GRASP_241010,BHET25,0.03094117483124137,0.15142156928777695,96,0.12048039445653558,120,single_degradation_point,6
AR00002,UntimelyInevitable,AR241010_11,GRASP_241010,BHET12.5,,0.05477450927719474,120,,,peak_at_end,6
AR00002,UntimelyInevitable,AR241010_11,GRASP_241010,BHET25,0.01583823375403881,0.10122549068182707,96,0.08538725692778826,120,single_degradation_point,6
AR00003,PleasingReference,AR241010_12,GRASP_241010,BHET12.5,,0.10251960903406143,120,,,peak_at_end,6
AR00003,PleasingReference,AR241010_12,GRASP_241010,BHET25,0.01679902244359255,0.17030637338757515,96,0.1535073509439826,120,single_degradation_point,6
AR00004,IllSale,AR241010_13,GRASP_241010,BHET12.5,,0.012872549063104088,120,,,peak_at_end,6
AR00004,IllSale,AR241010_13,GRASP_241010,BHET25,0.021764705830719322,0.008995098003651947,8,-0.012769607827067375,24,peak_at_start,6
AR00005,CompleteSurprise,AR241010_14,GRASP_241010,BHET12.5,0.014607843171688728,-0.00026470569719094783,24,-0.014872548868879676,96,,6
AR00005,CompleteSurprise,AR241010_14,GRASP_241010,BHET25,0.032122548946063034,0.007433823586325161,8,-0.024688725359737873,96,peak_at_start,6
AR00006,GreatOpening,AR241010_17,GRASP_241010,BHET12.5,,0.0307990200817585,120,,,peak_at_end,6
AR00006,GreatOpening,AR241010_17,GRASP_241010,BHET25,0.003102940305325319,0.024468136909490568,96,0.02136519660416525,120,single_degradation_point,6
AR00007,UnkemptConfusion,AR241010_33,GRASP_241010,BHET12.5,0.018009803956374526,-0.0005343137017916888,24,-0.018544117658166215,96,,6
AR00007,UnkemptConfusion,AR241010_33,GRASP_241010,BHET25,0.040174019581172615,0.010151960712391883,8,-0.030022058868780732,120,peak_at_start,6
AR00008,LightTeaching,AR241010_43,GRASP_241010,BHET12.5,0.019411764354117622,-0.002740196171544085,24,-0.022151960525661707,96,,6
AR00008,LightTeaching,AR241010_43,GRASP_241010,BHET25,0.04198284327867441,0.007468137395335361,8,-0.03451470588333905,120,peak_at_start,6
AR00009,KookyMirror,AR241010_56,GRASP_241010,BHET12.5,,0.03443137195426971,120,,,peak_at_end,6
AR00009,KookyMirror,AR241010_56,GRASP_241010,BHET25,,0.05595098150661215,120,,,peak_at_end,6
AR00010,DesertedContext,AR241010_73,GRASP_241010,BHET12.5,,0.02701470541069284,120,,,peak_at_end,6
AR00010,DesertedContext,AR241010_73,GRASP_241010,BHET25,,0.023529411846539006,120,,,peak_at_end,6
AR00011,Easy-goingElevator,AR241010_74,GRASP_241010,BHET12.5,,0.005509803973836824,120,,,peak_at_end,6
AR00011,Easy-goingElevator,AR241010_74,GRASP_241010,BHET25,0.03366666681540664,0.010529411665629596,8,-0.023137255149777047,120,peak_at_start,6
AR00012,UnfortunatePoem,AR241010_77,GRASP_241010,BHET12.5,,0.02366666667512618,120,,,peak_at_end,6
AR00012,UnfortunatePoem,AR241010_77,GRASP_241010,BHET25,0.010992647643433884,0.016762255370849743,96,0.00576960772741586,120,single_degradation_point,6
AR00013,LowCustomer,AR241010_86,GRASP_241010,BHET12.5,,0.008509803883498535,120,,,peak_at_end,6
AR00013,LowCustomer,AR241010_86,GRASP_241010,BHET25,0.026504901761654764,0.011539215629454702,8,-0.014965686132200062,120,peak_at_start,6
AR00014,PreciousThing,AR241010_100,GRASP_241010,BHET12.5,0.01166176469905622,0.0068627449800260365,72,-0.004799019719030184,96,single_degradation_point,6
AR00014,PreciousThing,AR241010_100,GRASP_241010,BHET25,0.004553921797196381,0.013759804001892917,96,0.009205882204696536,120,single_degradation_point,6
AR00015,SentimentalExercise,AR241010_106,GRASP_241010,BHET12.5,0.016818626652820967,0.003294117166660726,48,-0.013524509486160241,96,,6
AR00015,SentimentalExercise,AR241010_106,GRASP_241010,BHET25,0.003551469867488777,0.015973038607626222,72,0.012421568740137445,120,,6
AR00016,FortunateEffort,AR241010_134,GRASP_241010,BHET12.5,0.01972058799583465,0.00023039209190756083,24,-0.019490195903927088,96,,6
AR00016,FortunateEffort,AR241010_134,GRASP_241010,BHET25,0.04071078437846154,0.008808823418803513,8,-0.03190196095965803,120,peak_at_start,6
AR00017,PerkyDesigner,AR241010_142,GRASP_241010,BHET12.5,,0.021799019625177607,120,,,peak_at_end,6
AR00017,PerkyDesigner,AR241010_142,GRASP_241010,BHET25,,0.014338235745526617,120,,,peak_at_end,6
AR00018,EminentWorld,AR241010_152,GRASP_241010,BHET12.5,0.0025955885648727417,0.1655036760494113,96,0.16290808748453856,120,single_degradation_point,6
AR00018,EminentWorld,AR241010_152,GRASP_241010,BHET25,0.0086740180850029,0.17221446055918932,96,0.16354044247418642,120,single_degradation_point,6
AR00019,InconsequentialMedium,AR241010_154,GRASP_241010,BHET12.5,,0.023901960463263094,120,,,peak_at_end,6
AR00019,InconsequentialMedium,AR241010_154,GRASP_241010,BHET25,0.0029705883061978966,0.012808823346858844,96,0.009838235040660948,120,single_degradation_point,6
AR00020,Short-termSimple,AR241010_169,GRASP_241010,BHET12.5,,0.05106494989013299,120,,,peak_at_end,6
AR00020,Short-termSimple,AR241010_169,GRASP_241010,BHET25,0.00816176406442537,0.04668995088650263,96,0.03852818682207726,120,single_degradation_point,6
AR00021,DearClerk,AR241010_173,GRASP_241010,BHET12.5,0.015236519255267922,-0.007361519761616364,8,-0.022598039016884286,72,peak_at_start,6
AR00021,DearClerk,AR241010_173,GRASP_241010,BHET25,0.05427818581847532,0.008352941013072268,8,-0.045925244805403054,72,peak_at_start,6
BSQ33_03270,KosherTheme,ASA57064.1,GenBank,BHET12.5,0.04461274540517479,-0.004372548894025385,8,-0.04898529429920018,72,peak_at_start,6
BSQ33_03270,KosherTheme,ASA57064.1,GenBank,BHET25,0.10334558915928937,0.007257352961460128,8,-0.09608823619782925,72,peak_at_start,6
CmCut,VagueSource,BAN42606.1,GenBank,BHET12.5,0.01780882163438946,-0.006156863062642515,8,-0.023965684697031975,72,peak_at_start,6
CmCut,VagueSource,BAN42606.1,GenBank,BHET25,0.07534803950693458,0.0160637249937281,8,-0.05928431451320648,120,peak_at_start,6
empty_well,ConstantGarbage,,,BHET12.5,0.056800490516980065,-0.011516666606257785,8,-0.06831715712323785,72,peak_at_start,6
empty_well,ConstantGarbage,,,BHET25,0.12901029369486422,0.0018299025173291739,8,-0.12718039117753505,120,peak_at_start,6
Erickson403,OutlyingInspector,RLU00646.1,GenBank,BHET12.5,0.021397058852016926,0.13221078552305698,72,0.11081372667104006,96,single_degradation_point,6
Erickson403,OutlyingInspector,RLU00646.1,GenBank,BHET25,0.007536763325333595,0.19609313644468784,96,0.18855637311935425,120,single_degradation_point,6
Erickson406,SomeWeb,ODU60407.1,GenBank,BHET12.5,0.011715686472598463,0.0032549017341807485,48,-0.008460784738417715,96,,6
Erickson406,SomeWeb,ODU60407.1,GenBank,BHET25,0.01935049043459003,0.01213970617391169,8,-0.007210784260678338,120,peak_at_start,6
EV,AdeptNegotiation,,,BHET12.5,0.0420110292834579,-0.0007561271704616956,8,-0.0427671564539196,96,peak_at_start,6
EV,AdeptNegotiation,,,BHET25,0.06828860275686566,0.004800857324653407,8,-0.06348774543221225,96,peak_at_start,6
FAST-PETase,MoistCut,WP_054022242.1_M1,manual design,BHET12.5,0.13361029353109188,0.038219771115109324,8,-0.09539052241598256,120,peak_at_start,6
FAST-PETase,MoistCut,WP_054022242.1_M1,manual design,BHET25,0.01972467266023159,0.17524428106844425,24,0.15551960840821266,120,,6
Hfor_PE-H,DampNegotiation,WP_090538641.1,GenBank,BHET12.5,0.013678921735845506,0.000774509971961379,48,-0.012904411763884127,96,,6
Hfor_PE-H,DampNegotiation,WP_090538641.1,GenBank,BHET25,0.041715687373653054,0.011122549185529351,8,-0.030593138188123703,120,peak_at_start,6
IsPETase,MiniaturePackage,WP_054022242.1,GenBank,BHET12.5,0.0825620924733812,0.049350490347327046,24,-0.03321160212605415,120,,6
IsPETase,MiniaturePackage,WP_054022242.1,GenBank,BHET25,0.008526958369960397,0.14729493328680596,24,0.13876797491684556,120,,6
IsPETase_2,CelebratedSeason,WP_054022242.1,GenBank,BHET12.5,0.02057352951487701,0.04741176469360653,72,0.02683823517872952,96,single_degradation_point,6
IsPETase_2,CelebratedSeason,WP_054022242.1,GenBank,BHET25,0.008468135827570222,0.11136764717230108,72,0.10289951134473085,120,,6
LCC,SparseNeat,G9BY57.1,GenBank,BHET12.5,0.02913235322739638,-0.005313725443556905,8,-0.034446078670953284,72,peak_at_start,6
LCC,SparseNeat,G9BY57.1,GenBank,BHET25,0.07124019202819909,0.002799015706841601,8,-0.06844117632135749,120,peak_at_start,6
LCC(WCCG),IntentAge,G9BY57.1_M1,manual design,BHET12.5,0.05481862719170749,-0.004892156925052404,8,-0.059710784116759896,72,peak_at_start,6
LCC(WCCG),IntentAge,G9BY57.1_M1,manual design,BHET25,0.11950735291247838,0.0022058823124098126,8,-0.11730147060006857,120,peak_at_start,6
LG00001,DualPlan,DRR016455_58,Logan 1.0,BHET12.5,0.017823528847657144,-0.0005539217381738126,24,-0.018377450585830957,96,,6
LG00001,DualPlan,DRR016455_58,Logan 1.0,BHET25,0.04444117704406381,0.010813725646585226,8,-0.03362745139747858,120,peak_at_start,6
LG00002,NegligibleGirl,DRR046399_6024,Logan 1.0,BHET12.5,0.02158333291299641,-0.0031323529547080398,48,-0.02471568586770445,96,,6
LG00002,NegligibleGirl,DRR046399_6024,Logan 1.0,BHET25,0.0451519606722286,0.007705882293521427,8,-0.03744607837870717,120,peak_at_start,6
LG00003,VainBrief,DRR056885_121,Logan 1.0,BHET12.5,,0.027161765145137906,120,,,peak_at_end,6
LG00003,VainBrief,DRR056885_121,Logan 1.0,BHET25,,0.03371568651346024,120,,,peak_at_end,6
LG00004,TimelyFeedback,DRR322242_2006,Logan 1.0,BHET12.5,,0.008078431364992866,120,,,peak_at_end,6
LG00004,TimelyFeedback,DRR322242_2006,Logan 1.0,BHET25,0.02192892163293436,0.009237745136488229,8,-0.012691176496446133,48,peak_at_start,6
LG00005,ScaryCare,DRR378781_602206,Logan 1.0,BHET12.5,0.010573529521934688,0.0006666667759418488,48,-0.00990686274599284,96,,6
LG00005,ScaryCare,DRR378781_602206,Logan 1.0,BHET25,0.040818627167027444,0.010740195924881846,8,-0.030078431242145598,120,peak_at_start,6
LG00006,MonstrousConference,DRR509554_23646,Logan 1.0,BHET12.5,0.00913725484861061,0.003691176447318867,72,-0.005446078401291743,96,single_degradation_point,6
LG00006,MonstrousConference,DRR509554_23646,Logan 1.0,BHET25,0.02554901986150071,0.01147058856440708,8,-0.01407843129709363,120,peak_at_start,6
LG00007,WatchfulProfit,ERR10087380_58920,Logan 1.0,BHET12.5,0.007730392171652056,0.008624999958556145,72,0.0008946077869040892,96,single_degradation_point,6
LG00007,WatchfulProfit,ERR10087380_58920,Logan 1.0,BHET25,0.011019607756679761,0.011887254717294127,8,0.0008676469606143655,48,peak_at_start,6
LG00008,Quick-wittedTest,ERR10123727_166025,Logan 1.0,BHET12.5,0.016544117592275143,0.0007303920574486256,48,-0.015813725534826517,96,,6
LG00008,Quick-wittedTest,ERR10123727_166025,Logan 1.0,BHET25,0.04352941131219268,0.011303921462967992,8,-0.03222548984922469,120,peak_at_start,6
LG00009,AnchoredRaise,ERR10482439_252531,Logan 1.0,BHET12.5,0.02033578499685973,-0.0008161759469658136,48,-0.021151960943825543,96,,6
LG00009,AnchoredRaise,ERR10482439_252531,Logan 1.0,BHET25,0.046512255183188245,0.010588235425530002,8,-0.03592401975765824,120,peak_at_start,6
LG00010,EagerTouch,ERR10482440_903875,Logan 1.0,BHET12.5,0.022531863301992416,-0.003330882522277534,48,-0.02586274582426995,96,,6
LG00010,EagerTouch,ERR10482440_903875,Logan 1.0,BHET25,0.04673284348245943,0.007512255200708751,8,-0.03922058828175068,120,peak_at_start,6
LG00011,LazyPriority,ERR10640994_177560,Logan 1.0,BHET12.5,0.01847058831481263,-0.0031519607291556895,8,-0.02162254904396832,96,peak_at_start,6
LG00011,LazyPriority,ERR10640994_177560,Logan 1.0,BHET25,0.03981617885528976,0.0047181393101709546,8,-0.03509803954511881,96,peak_at_start,6
LG00012,KnownPolice,ERR10640994_226214,Logan 1.0,BHET12.5,0.014651961217168719,-0.0030147054931148887,48,-0.017666666710283607,96,,6
LG00012,KnownPolice,ERR10640994_226214,Logan 1.0,BHET25,0.045776960760122165,0.009296568896388635,8,-0.03648039186373353,120,peak_at_start,6
LG00013,MisguidedSpray,ERR10640994_379232,Logan 1.0,BHET12.5,0.01420588226756081,-0.00007843156345188618,48,-0.014284313831012696,96,,6
LG00013,MisguidedSpray,ERR10640994_379232,Logan 1.0,BHET25,0.04611519630998373,0.011615195777267218,8,-0.03450000053271651,120,peak_at_start,6
LG00014,CruelPositive,ERR10641118_142160,Logan 1.0,BHET12.5,0.014708333241287619,0.0010710782371461391,48,-0.01363725500414148,96,,6
LG00014,CruelPositive,ERR10641118_142160,Logan 1.0,BHET25,0.045615195704158396,0.01225490210345015,8,-0.033360293600708246,120,peak_at_start,6
LG00015,CourteousTrip,ERR10641118_502282,Logan 1.0,BHET12.5,0.015838235442060977,0.0008235292043536901,48,-0.015014706237707287,96,,6
LG00015,CourteousTrip,ERR10641118_502282,Logan 1.0,BHET25,0.043384804273955524,0.012061274726875126,8,-0.0313235295470804,120,peak_at_start,6
LG00016,RevolvingSale,ERR10789850_92482,Logan 1.0,BHET12.5,0.01983088196720928,0.001056372420862317,48,-0.018774509546346962,96,,6
LG00016,RevolvingSale,ERR10789850_92482,Logan 1.0,BHET25,0.04706372553482652,0.011524509638547897,8,-0.03553921589627862,120,peak_at_start,6
LG00017,WebbedContext,ERR10822306_273555,Logan 1.0,BHET12.5,0.02044117683544755,-0.0006764703430235386,48,-0.02111764717847109,96,,6
LG00017,WebbedContext,ERR10822306_273555,Logan 1.0,BHET25,0.04871078397263773,0.010705882246838883,8,-0.038004901725798845,120,peak_at_start,6
LG00018,PeacefulHit,ERR11028298_3008807,Logan 1.0,BHET12.5,0.027649509922412108,-0.00903676459165581,8,-0.03668627451406792,72,peak_at_start,6
LG00018,PeacefulHit,ERR11028298_3008807,Logan 1.0,BHET25,0.08160294046683703,0.0049950980028370395,8,-0.07660784246399999,120,peak_at_start,6
LG00019,HilariousEstimate,ERR11028393_217052,Logan 1.0,BHET12.5,0.023485293495468795,-0.001299019786529243,8,-0.02478431328199804,96,peak_at_start,6
LG00019,HilariousEstimate,ERR11028393_217052,Logan 1.0,BHET25,0.04485784048210917,0.006274507809393981,8,-0.03858333267271519,120,peak_at_start,6
LG00020,UncomfortableClick,ERR11484209_22782,Logan 1.0,BHET12.5,0.018691176432184875,0.00021568627562373877,8,-0.018475490156561136,96,peak_at_start,6
LG00020,UncomfortableClick,ERR11484209_22782,Logan 1.0,BHET25,0.04598284300300293,0.009703431482193992,8,-0.036279411520808935,120,peak_at_start,6
LG00021,AgedFinding,ERR12115642_305438,Logan 1.0,BHET12.5,0.014323529321700335,-0.00040196074405685067,8,-0.014725490065757185,96,peak_at_start,6
LG00021,AgedFinding,ERR12115642_305438,Logan 1.0,BHET25,0.046431372582446784,0.012470588262658566,8,-0.03396078431978822,120,peak_at_start,6
LG00022,AptTraffic,ERR1346831_178792,Logan 1.0,BHET12.5,0.014176470842357958,0.00044117681682109833,48,-0.01373529402553686,96,,6
LG00022,AptTraffic,ERR1346831_178792,Logan 1.0,BHET25,0.04535049042897299,0.013120098097715527,8,-0.03223039233125746,120,peak_at_start,6
LG00023,MiniatureGuidance,ERR1579315_76907,Logan 1.0,BHET12.5,0.015426470403326675,0.0008333332370966673,48,-0.014593137166230008,96,,6
LG00023,MiniatureGuidance,ERR1579315_76907,Logan 1.0,BHET25,0.04445097973803058,0.012688725313637406,8,-0.03176225442439318,120,peak_at_start,6
LG00024,GrouchyTax,ERR2241851_78442,Logan 1.0,BHET12.5,0.012264705495908856,0.0009166663512587547,48,-0.011348039144650102,96,,6
LG00024,GrouchyTax,ERR2241851_78442,Logan 1.0,BHET25,0.033649510180111974,0.012497549003455788,8,-0.021151961176656187,120,peak_at_start,6
LG00025,DopeyTree,ERR2598794_43297,Logan 1.0,BHET12.5,0.018720588355790824,-0.00002941163256764412,48,-0.018749999988358468,96,,6
LG00025,DopeyTree,ERR2598794_43297,Logan 1.0,BHET25,0.04552451029303484,0.010946078662527725,8,-0.03457843163050711,120,peak_at_start,6
LG00026,ThreadbareDriver,ERR2752155_114826,Logan 1.0,BHET12.5,,0.03428431390784681,120,,,peak_at_end,6
LG00026,ThreadbareDriver,ERR2752155_114826,Logan 1.0,BHET25,0.024522058723960072,0.02208333322778344,8,-0.0024387254961766303,96,peak_at_start,6
LG00027,ShabbyConversation,ERR2762187_7288,Logan 1.0,BHET12.5,0.02162499987753108,-0.003149509837385267,8,-0.02477450971491635,96,peak_at_start,6
LG00027,ShabbyConversation,ERR2762187_7288,Logan 1.0,BHET25,0.04586764641862828,0.007681372415390797,8,-0.038186274003237486,96,peak_at_start,6
LG00028,DiligentManager,ERR2900754_66884,Logan 1.0,BHET12.5,0.014061274472624063,-0.0006960784667171538,8,-0.014757352939341217,96,peak_at_start,6
LG00028,DiligentManager,ERR2900754_66884,Logan 1.0,BHET25,0.03130882355617359,0.010828431288246065,8,-0.020480392267927527,120,peak_at_start,6
LG00029,DualCourage,ERR3305565_5448,Logan 1.0,BHET12.5,0.013504901635315036,0.0026323527708882466,8,-0.01087254886442679,96,peak_at_start,6
LG00029,DualCourage,ERR3305565_5448,Logan 1.0,BHET25,0.030078431707806885,0.013014706084504724,8,-0.01706372562330216,120,peak_at_start,6
LG00030,ElderlyConversation,ERR3566182_370096,Logan 1.0,BHET12.5,0.007745098177110776,0.0033921569993253797,72,-0.004352941177785397,96,single_degradation_point,6
LG00030,ElderlyConversation,ERR3566182_370096,Logan 1.0,BHET25,0.02600735348823946,0.01378431380726397,8,-0.01222303968097549,120,peak_at_start,6
LG00031,ImmenseDesigner,ERR3588746_23368,Logan 1.0,BHET12.5,0.009318627286120318,0.0036274508893257007,8,-0.005691176396794617,96,peak_at_start,6
LG00031,ImmenseDesigner,ERR3588746_23368,Logan 1.0,BHET25,0.03380882373312488,0.013196078594774008,8,-0.020612745138350874,120,peak_at_start,6
LG00032,DeepKnowledge,ERR3697023_14244245,Logan 1.0,BHET12.5,0.0027352933393558487,0.05685784276283812,96,0.05412254942348227,120,single_degradation_point,6
LG00032,DeepKnowledge,ERR3697023_14244245,Logan 1.0,BHET25,,0.05817524588201195,120,,,peak_at_end,6
LG00033,PersonalEntrance,ERR3943994_542949,Logan 1.0,BHET12.5,,0.014044117589946836,120,,,peak_at_end,6
LG00033,PersonalEntrance,ERR3943994_542949,Logan 1.0,BHET25,0.019482842995785177,0.03188480366952717,8,0.012401960673741996,48,peak_at_start,6
LG00034,AuthenticBoat,ERR4592245_1642075,Logan 1.0,BHET12.5,0.01993137228419073,-0.0032843136286828667,8,-0.023215685912873596,96,peak_at_start,6
LG00034,AuthenticBoat,ERR4592245_1642075,Logan 1.0,BHET25,0.04711274539295118,0.00813480389479082,8,-0.03897794149816036,120,peak_at_start,6
LG00035,BuzzingMirror,ERR4674853_86664,Logan 1.0,BHET12.5,0.02055392146576196,-0.005147058865986764,48,-0.025700980331748724,96,,6
LG00035,BuzzingMirror,ERR4674853_86664,Logan 1.0,BHET25,0.04749509852263145,0.009147058910457417,8,-0.038348039612174034,120,peak_at_start,6
LG00036,StripedKnowledge,ERR4801149_9489,Logan 1.0,BHET12.5,0.02025245082040783,-0.008258578382083215,8,-0.028511029202491045,72,peak_at_start,6
LG00036,StripedKnowledge,ERR4801149_9489,Logan 1.0,BHET25,0.06589583421009593,0.007053921610349789,8,-0.05884191259974614,72,peak_at_start,6
LG00037,HonorableFarm,ERR4856268_964317,Logan 1.0,BHET12.5,0.01411274482961744,-0.0019411765970289707,48,-0.01605392142664641,120,,6
LG00037,HonorableFarm,ERR4856268_964317,Logan 1.0,BHET25,0.03802450932562351,0.01290196052286774,8,-0.025122548802755773,120,peak_at_start,6
LG00038,FirsthandFarmer,ERR5947503_322,Logan 1.0,BHET12.5,0.014477945211183396,0.000585784437134862,48,-0.013892160774048534,96,,6
LG00038,FirsthandFarmer,ERR5947503_322,Logan 1.0,BHET25,0.043605392100289464,0.01367401983588934,8,-0.029931372264400125,120,peak_at_start,6
LG00039,FoolhardyPollution,ERR6465722_199879,Logan 1.0,BHET12.5,0.014102940942393616,-0.0006960784085094929,48,-0.014799019350903109,96,,6
LG00039,FoolhardyPollution,ERR6465722_199879,Logan 1.0,BHET25,0.044350490265060216,0.01302205870160833,8,-0.031328431563451886,120,peak_at_start,6
LG00040,MeanGovernment,ERR7127473_220403,Logan 1.0,BHET12.5,0.011227941489778459,-0.000284313689917326,48,-0.011512255179695785,96,,6
LG00040,MeanGovernment,ERR7127473_220403,Logan 1.0,BHET25,0.03878921561408788,0.01231862767599523,8,-0.02647058793809265,120,peak_at_start,6
LG00041,SubtleNobody,ERR7163074_457660,Logan 1.0,BHET12.5,0.02106127404840663,-0.0001348039077129215,8,-0.021196077956119552,96,peak_at_start,6
LG00041,SubtleNobody,ERR7163074_457660,Logan 1.0,BHET25,0.046127450827043504,0.01236764685017988,8,-0.03375980397686362,120,peak_at_start,6
LG00042,JealousSpeed,ERR7672960_23882,Logan 1.0,BHET12.5,0.021811274682477233,-0.0038970587902440457,8,-0.02570833347272128,96,peak_at_start,6
LG00042,JealousSpeed,ERR7672960_23882,Logan 1.0,BHET25,0.048571078365057474,0.00782598022124148,8,-0.040745098143815994,120,peak_at_start,6
LG00043,UtterFinish,ERR8106065_1375561,Logan 1.0,BHET12.5,0.019414215756114572,-0.005426470714155585,24,-0.024840686470270157,96,,6
LG00043,UtterFinish,ERR8106065_1375561,Logan 1.0,BHET25,0.04516666670679115,0.009122548945015296,8,-0.03604411776177585,120,peak_at_start,6
LG00044,AlarmingBike,ERR868388_2138178,Logan 1.0,BHET12.5,0.01844117639120668,-0.005107843317091465,24,-0.023549019708298147,96,,6
LG00044,AlarmingBike,ERR868388_2138178,Logan 1.0,BHET25,0.04208333318820223,0.010122548963408917,8,-0.031960784224793315,120,peak_at_start,6
LG00045,VagueMeal,ERR868484_4384,Logan 1.0,BHET12.5,0.05511519609717652,-0.005992647085804492,8,-0.061107843182981014,120,peak_at_start,6
LG00045,VagueMeal,ERR868484_4384,Logan 1.0,BHET25,0.005774509976617992,0.022122549125924706,96,0.016348039149306715,120,single_degradation_point,6
LG00046,UnrealisticLadder,ERR9287623_1288104,Logan 1.0,BHET12.5,0.016762254992499948,-0.0031004900811240077,48,-0.019862745073623955,96,,6
LG00046,UnrealisticLadder,ERR9287623_1288104,Logan 1.0,BHET25,0.04276470630429685,0.012794117676094174,8,-0.029970588628202677,120,peak_at_start,6
LG00047,BusyBottom,ERR9698294_3076,Logan 1.0,BHET12.5,0.014659313630545512,-0.003642156720161438,48,-0.01830147035070695,96,,6
LG00047,BusyBottom,ERR9698294_3076,Logan 1.0,BHET25,0.04991176474140957,0.012480391946155578,8,-0.03743137279525399,120,peak_at_start,6
LG00048,GrubbyProfit,ERR9769279_34127,Logan 1.0,BHET12.5,0.017053921648766845,-0.003607843187637627,48,-0.020661764836404473,96,,6
LG00048,GrubbyProfit,ERR9769279_34127,Logan 1.0,BHET25,0.04722303891321644,0.01141421584179625,8,-0.03580882307142019,120,peak_at_start,6
LG00049,WiltedCapital,ERR9844462_623,Logan 1.0,BHET12.5,0.022446078102802858,-0.0036960784636903554,24,-0.026142156566493213,96,,6
LG00049,WiltedCapital,ERR9844462_623,Logan 1.0,BHET25,0.010517156624700874,0.015120097843464464,8,0.00460294121876359,72,peak_at_start,6
LG00050,PeskyPatient,ERR9936833_584,Logan 1.0,BHET12.5,0.05284803931135684,-0.00476960779633373,8,-0.05761764710769057,120,peak_at_start,6
LG00050,PeskyPatient,ERR9936833_584,Logan 1.0,BHET25,0.11118137274752371,0.00822549030999653,8,-0.10295588243752718,120,peak_at_start,6
LG00051,AutomaticMetal,ERR9936846_204,Logan 1.0,BHET12.5,0.03904901968780905,-0.006666666711680591,8,-0.04571568639948964,72,peak_at_start,6
LG00051,AutomaticMetal,ERR9936846_204,Logan 1.0,BHET25,0.09287009817489889,0.008963235290138982,8,-0.0839068628847599,72,peak_at_start,6
LG00052,NaiveGrocery,ERR9963791_1782184,Logan 1.0,BHET12.5,0.021237743748315552,0.00045342955036176136,24,-0.02078431419795379,96,,6
LG00052,NaiveGrocery,ERR9963791_1782184,Logan 1.0,BHET25,0.04154411706258543,0.008289215649710968,8,-0.03325490141287446,120,peak_at_start,6
LG00053,MelodicApartment,ERR9963791_553102,Logan 1.0,BHET12.5,0.027289215591736138,-0.0030490196077153087,24,-0.030338235199451447,96,,6
LG00053,MelodicApartment,ERR9963791_553102,Logan 1.0,BHET25,0.05126470507821068,0.006446078361477703,8,-0.04481862671673298,120,peak_at_start,6
LG00054,EmbellishedTeacher,MGYP000931547452A,Logan 1.0,BHET12.5,,0.0025661762920208275,120,,,peak_at_end,6
LG00054,EmbellishedTeacher,MGYP000931547452A,Logan 1.0,BHET25,0.028779412037692964,0.007578431512229145,8,-0.02120098052546382,24,peak_at_start,6
LG00055,SparseContribution,MGYP000935144178A,Logan 1.0,BHET12.5,0.02127696124080103,-0.00007352932880166918,24,-0.021350490569602698,96,,6
LG00055,SparseContribution,MGYP000935144178A,Logan 1.0,BHET25,0.03585049032699317,0.007379901886451989,8,-0.028470588440541178,120,peak_at_start,6
LG00056,ComplicatedAdvance,MGYP001010025864A,Logan 1.0,BHET12.5,0.02520098248442082,0.0032303940033671097,24,-0.02197058848105371,96,,6
LG00056,ComplicatedAdvance,MGYP001010025864A,Logan 1.0,BHET25,0.04737254929204937,0.00709313758125063,8,-0.04027941171079874,120,peak_at_start,6
LG00057,StrictPanic,MGYP001557180572A,Logan 1.0,BHET12.5,0.025730392120749457,0.0008970590242824983,24,-0.02483333309646696,96,,6
LG00057,StrictPanic,MGYP001557180572A,Logan 1.0,BHET25,0.04842892142187338,0.006110294183599763,8,-0.04231862723827362,120,peak_at_start,6
LG00058,EveryNecessary,MGYP002716753343A,Logan 1.0,BHET12.5,,0.0346911761444062,120,,,peak_at_end,6
LG00058,EveryNecessary,MGYP002716753343A,Logan 1.0,BHET25,,0.0410441176063614,120,,,peak_at_end,6
LG00059,HandsomeStress,MGYP003385382674A,Logan 1.0,BHET12.5,0.01879901955544483,-0.002029411683906801,72,-0.02082843123935163,96,single_degradation_point,6
LG00059,HandsomeStress,MGYP003385382674A,Logan 1.0,BHET25,0.03550000026189082,0.010321078416382079,8,-0.02517892184550874,120,peak_at_start,6
LG00060,UnitedTrain,SRR10053376_3326,Logan 1.0,BHET12.5,0.02244852935837116,-0.0031421568855876103,24,-0.02559068624395877,96,,6
LG00060,UnitedTrain,SRR10053376_3326,Logan 1.0,BHET25,0.04748529361677356,0.006774510053219274,8,-0.04071078356355429,120,peak_at_start,6
LG00061,PunyCarpet,SRR10276843_1765,Logan 1.0,BHET12.5,0.020088234829017892,-0.004867647046921775,24,-0.024955881875939667,96,,6
LG00061,PunyCarpet,SRR10276843_1765,Logan 1.0,BHET25,0.04229411800042726,0.008710784517461434,8,-0.03358333348296583,120,peak_at_start,6
LG00062,StudiousCarry,SRR10342238_19559,Logan 1.0,BHET12.5,0.03541666688397527,-0.004897058941423893,8,-0.04031372582539916,120,peak_at_start,6
LG00062,StudiousCarry,SRR10342238_19559,Logan 1.0,BHET25,0.07789460638014134,0.007250000009662472,8,-0.07064460637047887,72,peak_at_start,6
LG00063,AntiqueMorning,SRR10408973_194281,Logan 1.0,BHET12.5,0.01839706302052946,-0.004176466605713358,24,-0.022573529626242816,96,,6
LG00063,AntiqueMorning,SRR10408973_194281,Logan 1.0,BHET25,0.048083333182148635,0.009754902101121843,8,-0.03832843108102679,120,peak_at_start,6
LG00064,KeenQuiet,SRR10512140_136352,Logan 1.0,BHET12.5,0.02185784326866269,-0.002279411884956062,24,-0.024137255153618753,96,,6
LG00064,KeenQuiet,SRR10512140_136352,Logan 1.0,BHET25,0.05118137242970988,0.009235294244717807,8,-0.041946078184992075,120,peak_at_start,6
LG00065,BlackHalf,SRR10663364_103688,Logan 1.0,BHET12.5,0.009232843338395469,0.048134804048459046,96,0.03890196071006358,120,single_degradation_point,6
LG00065,BlackHalf,SRR10663364_103688,Logan 1.0,BHET25,0.02750980667769909,0.053325982298702,96,0.025816175621002913,120,single_degradation_point,6
LG00066,JoyfulTap,SRR10663367_1316324,Logan 1.0,BHET12.5,0.023926470603328198,-0.002338235208299011,24,-0.02626470581162721,96,,6
LG00066,JoyfulTap,SRR10663367_1316324,Logan 1.0,BHET25,0.050678921601502225,0.008571078738896176,8,-0.04210784286260605,120,peak_at_start,6
LG00067,KnowledgeableAspect,SRR10663367_452477,Logan 1.0,BHET12.5,0.050178921315819025,0.13408578466624022,48,0.08390686335042119,120,,6
LG00067,KnowledgeableAspect,SRR10663367_452477,Logan 1.0,BHET25,0.02588970772922039,0.18368137255311012,48,0.15779166482388973,120,,6
LG00068,MellowLack,SRR10848474_194765,Logan 1.0,BHET12.5,0.027303921000566334,-0.0009460786241106689,24,-0.028249999624677002,96,,6
LG00068,MellowLack,SRR10848474_194765,Logan 1.0,BHET25,0.05137254920555279,0.00856372545240447,8,-0.04280882375314832,120,peak_at_start,6
LG00069,BaggyCamera,SRR10853130_13600-1,Logan 1.0,BHET12.5,0.031779411947354674,0.0015735295601189137,24,-0.03020588238723576,96,,6
LG00069,BaggyCamera,SRR10853130_13600-1,Logan 1.0,BHET25,0.052325980679597706,0.0063553922227583826,8,-0.04597058845683932,120,peak_at_start,6
LG00070,HospitableDrawer,SRR10853130_13600-2,Logan 1.0,BHET12.5,0.05151960765942931,-0.004230392165482044,8,-0.055749999824911356,72,peak_at_start,6
LG00070,HospitableDrawer,SRR10853130_13600-2,Logan 1.0,BHET25,0.11549019641915947,0.005392156687776151,8,-0.11009803973138332,120,peak_at_start,6
LG00071,PristineWater,SRR11005201_40376,Logan 1.0,BHET12.5,0.04312990163452923,-0.004742646822705865,8,-0.0478725484572351,72,peak_at_start,6
LG00071,PristineWater,SRR11005201_40376,Logan 1.0,BHET25,0.10065931400458794,0.005296568779158406,8,-0.09536274522542953,72,peak_at_start,6
LG00072,ConventionalCity,SRR11308339_666916,Logan 1.0,BHET12.5,0.05379411834292114,-0.0061225490644574165,8,-0.059916667407378554,72,peak_at_start,6
LG00072,ConventionalCity,SRR11308339_666916,Logan 1.0,BHET25,0.11809804021322634,0.004735293900012039,8,-0.1133627463132143,120,peak_at_start,6
LG00073,DistinctAssumption,SRR11534412_304166,Logan 1.0,BHET12.5,0.11283333355095237,0.00963970588054508,8,-0.1031936276704073,120,peak_at_start,6
LG00073,DistinctAssumption,SRR11534412_304166,Logan 1.0,BHET25,0.007147058262489736,0.03135784273035824,24,0.024210784467868507,48,single_degradation_point,6
LG00074,ElementaryGuide,SRR11659431_25115,Logan 1.0,BHET12.5,0.024220588427851908,0.017862745211459696,48,-0.006357843216392212,120,,6
LG00074,ElementaryGuide,SRR11659431_25115,Logan 1.0,BHET25,,0.04324754886329174,120,,,peak_at_end,6
LG00075,DevotedEconomics,SRR11729891_316159,Logan 1.0,BHET12.5,0.044274509709794074,0.008230392180848867,8,-0.03604411752894521,120,peak_at_start,6
LG00075,DevotedEconomics,SRR11729891_316159,Logan 1.0,BHET25,0.042144608101807535,0.008186274557374418,8,-0.03395833354443312,96,peak_at_start,6
LG00076,GorgeousFinger,SRR11742962_521374,Logan 1.0,BHET12.5,0.05648774531437084,0.006443627353291959,8,-0.05004411796107888,120,peak_at_start,6
LG00076,GorgeousFinger,SRR11742962_521374,Logan 1.0,BHET25,0.061196077935164794,0.006245097931241617,8,-0.05495098000392318,120,peak_at_start,6
LG00077,BiodegradableGirlfriend,SRR12193045_101336,Logan 1.0,BHET12.5,0.05590196078992449,0.0021911764924880117,8,-0.053710784297436476,120,peak_at_start,6
LG00077,BiodegradableGirlfriend,SRR12193045_101336,Logan 1.0,BHET25,0.06209803863839625,0.004034313628835662,8,-0.058063725009560585,120,peak_at_start,6
LG00078,DirectChannel,SRR12266064_2045115,Logan 1.0,BHET12.5,0.010877451859414577,0.09311764733865857,96,0.082240195479244,120,single_degradation_point,6
LG00078,DirectChannel,SRR12266064_2045115,Logan 1.0,BHET25,0.004144609440118074,0.1591544123366475,96,0.15500980289652944,120,single_degradation_point,6
LG00079,LeftRow,SRR12266064_29780,Logan 1.0,BHET12.5,0.04236764719826169,-0.00036519605782814324,8,-0.042732843256089836,72,peak_at_start,6
LG00079,LeftRow,SRR12266064_29780,Logan 1.0,BHET25,0.06431617633643327,0.005830882379996183,8,-0.05848529395643709,72,peak_at_start,6
LG00080,SimplePopulation,SRR12266064_85133,Logan 1.0,BHET12.5,0.0564681367832236,0.0022205879795365036,8,-0.054247548803687096,120,peak_at_start,6
LG00080,SimplePopulation,SRR12266064_85133,Logan 1.0,BHET25,0.07095833280618535,0.006022058900271077,8,-0.06493627390591428,120,peak_at_start,6
LG00081,CulturedNature,SRR12347921_19312,Logan 1.0,BHET12.5,0.030536764257703908,-0.006502451025880873,8,-0.03703921528358478,72,peak_at_start,6
LG00081,CulturedNature,SRR12347921_19312,Logan 1.0,BHET25,0.06063235324108973,0.009779411891940981,8,-0.05085294134914875,72,peak_at_start,6
LG00082,BossyPride,SRR12363492_1178,Logan 1.0,BHET12.5,0.05499019619310275,0.010485294333193451,8,-0.044504901859909296,120,peak_at_start,6
LG00082,BossyPride,SRR12363492_1178,Logan 1.0,BHET25,0.04219362704316154,0.010039215674623847,8,-0.032154411368537694,96,peak_at_start,6
LG00083,ComplicatedSituation,SRR12678602_62414,Logan 1.0,BHET12.5,0.0471078441478312,0.010318627581000328,8,-0.036789216566830873,120,peak_at_start,6
LG00083,ComplicatedSituation,SRR12678602_62414,Logan 1.0,BHET25,0.044688725494779646,0.010573529521934688,8,-0.03411519597284496,120,peak_at_start,6
LG00084,SimilarAbroad,SRR12681888_1225841,Logan 1.0,BHET12.5,0.05135294102365151,0.009426470438484102,8,-0.04192647058516741,120,peak_at_start,6
LG00084,SimilarAbroad,SRR12681888_1225841,Logan 1.0,BHET25,0.057899509789422154,0.009924019454047084,8,-0.04797549033537507,120,peak_at_start,6
LG00085,AffectionateCampaign,SRR12681888_1997285,Logan 1.0,BHET12.5,0.013872548560357245,-0.000916666728699056,24,-0.014789215289056301,72,,6
LG00085,AffectionateCampaign,SRR12681888_1997285,Logan 1.0,BHET25,0.05982597987167537,0.031129901646636426,8,-0.028696078225038946,120,peak_at_start,6
LG00086,JealousAssistance,SRR12687296_626766,Logan 1.0,BHET12.5,0.054357843240723014,0.007710784440860152,8,-0.04664705879986286,120,peak_at_start,6
LG00086,JealousAssistance,SRR12687296_626766,Logan 1.0,BHET25,0.060772058146540076,0.009203431254718453,8,-0.05156862689182162,120,peak_at_start,6
LG00087,WhimsicalDifference,SRR12693835_33628,Logan 1.0,BHET12.5,0.0561004899427644,0.005723039059375878,8,-0.05037745088338852,120,peak_at_start,6
LG00087,WhimsicalDifference,SRR12693835_33628,Logan 1.0,BHET25,0.06182107672793791,0.006718137010466307,8,-0.0551029397174716,120,peak_at_start,6
LG00088,SmallDealer,SRR13207077_558,Logan 1.0,BHET12.5,0.027601715330092702,0.0011507353046908975,8,-0.026450980025401805,72,peak_at_start,6
LG00088,SmallDealer,SRR13207077_558,Logan 1.0,BHET25,0.025949754628527444,0.005846813648531679,8,-0.020102940979995765,48,peak_at_start,6
LG00089,QualifiedUniversity,SRR13325290_214718,Logan 1.0,BHET12.5,0.04702941176947206,0.010117647121660411,8,-0.03691176464781165,120,peak_at_start,6
LG00089,QualifiedUniversity,SRR13325290_214718,Logan 1.0,BHET25,0.051759804831817746,0.007132353028282523,8,-0.04462745180353522,120,peak_at_start,6
LG00090,IdleHistorian,SRR13512914_81978,Logan 1.0,BHET12.5,0.053882352192886174,-0.010414215619675815,8,-0.06429656781256199,72,peak_at_start,6
LG00090,IdleHistorian,SRR13512914_81978,Logan 1.0,BHET25,0.11975245075882412,0.0062965684628579766,8,-0.11345588229596615,120,peak_at_start,6
LG00091,InferiorOne,SRR13588849_74531,Logan 1.0,BHET12.5,0.0492965686134994,0.011384803801774979,8,-0.037911764811724424,120,peak_at_start,6
LG00091,InferiorOne,SRR13588849_74531,Logan 1.0,BHET25,0.05756372550968081,0.010583333321847022,8,-0.046980392187833786,120,peak_at_start,6
LG00092,DimwittedLevel,SRR13588904_28417,Logan 1.0,BHET12.5,0.04563480371143669,0.011196078383363783,8,-0.034438725328072906,120,peak_at_start,6
LG00092,DimwittedLevel,SRR13588904_28417,Logan 1.0,BHET25,0.047696078079752624,0.011372549110092223,8,-0.0363235289696604,120,peak_at_start,6
LG00093,WholeDivide,SRR13589008_41305,Logan 1.0,BHET12.5,0.011183823880855925,0.04390196074382402,96,0.032718136862968095,120,single_degradation_point,6
LG00093,WholeDivide,SRR13589008_41305,Logan 1.0,BHET25,,0.06682843198359478,120,,,peak_at_end,6
LG00094,AveragePassenger,SRR13614386_485083,Logan 1.0,BHET12.5,0.04659803950926289,0.009367646824102849,8,-0.03723039268516004,120,peak_at_start,6
LG00094,AveragePassenger,SRR13614386_485083,Logan 1.0,BHET25,0.05028431338723749,0.01107843138743192,8,-0.03920588199980557,120,peak_at_start,6
LG00095,MundaneRevolution,SRR13969208_105,Logan 1.0,BHET12.5,0.04756127391010523,0.007943627424538136,8,-0.03961764648556709,120,peak_at_start,6
LG00095,MundaneRevolution,SRR13969208_105,Logan 1.0,BHET25,0.04533088207244873,0.01141666667535901,8,-0.03391421539708972,120,peak_at_start,6
LG00096,SpitefulCategory,SRR13979328_189838,Logan 1.0,BHET12.5,0.05743137301760726,0.006343137210933492,8,-0.051088235806673765,120,peak_at_start,6
LG00096,SpitefulCategory,SRR13979328_189838,Logan 1.0,BHET25,0.05426960834302008,0.008509803796187043,8,-0.04575980454683304,120,peak_at_start,6
LG00097,MundaneSuspect,SRR13979362_3177,Logan 1.0,BHET12.5,0.04805392125854269,0.008485294005367905,8,-0.03956862725317478,120,peak_at_start,6
LG00097,MundaneSuspect,SRR13979362_3177,Logan 1.0,BHET25,0.05429166604881175,0.005174019403057173,8,-0.049117646645754576,120,peak_at_start,6
LG00098,TrivialMiss,SRR14039663_324879,Logan 1.0,BHET12.5,0.05050490179564804,0.010642156819812953,8,-0.039862744975835085,120,peak_at_start,6
LG00098,TrivialMiss,SRR14039663_324879,Logan 1.0,BHET25,0.05874264729209244,0.008051470620557666,8,-0.05069117667153478,120,peak_at_start,6
LG00099,HastyIf,SRR14039858_50158,Logan 1.0,BHET12.5,0.0486102937720716,0.011098039336502552,8,-0.03751225443556905,120,peak_at_start,6
LG00099,HastyIf,SRR14039858_50158,Logan 1.0,BHET25,0.058686273987405,0.011941176489926875,8,-0.04674509749747813,120,peak_at_start,6
LG00100,LastingKey,SRR14039970_584981,Logan 1.0,BHET12.5,0.0473480389919132,0.01033333339728415,8,-0.03701470559462905,120,peak_at_start,6
LG00100,LastingKey,SRR14039970_584981,Logan 1.0,BHET25,0.058132352540269494,0.01270098052918911,8,-0.045431372011080384,120,peak_at_start,6
LG00101,PrettyRespect,SRR14073695_161111,Logan 1.0,BHET12.5,0.015409314073622227,0.057061275001615286,96,0.04165196092799306,120,single_degradation_point,6
LG00101,PrettyRespect,SRR14073695_161111,Logan 1.0,BHET25,0.008799019269645214,0.06675980379804969,72,0.057960784528404474,120,,6
LG00102,ExcellentComparison,SRR14073695_33712,Logan 1.0,BHET12.5,0.04436519608134404,0.00930147065082565,8,-0.03506372543051839,120,peak_at_start,6
LG00102,ExcellentComparison,SRR14073695_33712,Logan 1.0,BHET25,0.054433824378065765,0.013340686564333737,8,-0.04109313781373203,120,peak_at_start,6
LG00103,DeterminedAside,SRR14099998_4346,Logan 1.0,BHET12.5,0.04989460756769404,0.008948529546614736,8,-0.0409460780210793,120,peak_at_start,6
LG00103,DeterminedAside,SRR14099998_4346,Logan 1.0,BHET25,0.061656862031668425,0.011985294055193663,8,-0.04967156797647476,120,peak_at_start,6
LG00104,UnusualHelp,SRR14117419_527984,Logan 1.0,BHET12.5,0.05413725500693545,0.00707352947210893,8,-0.04706372553482652,120,peak_at_start,6
LG00104,UnusualHelp,SRR14117419_527984,Logan 1.0,BHET25,0.05681127472780645,0.011257353005930781,8,-0.04555392172187567,120,peak_at_start,6
LG00105,MisguidedDegree,SRR14362172_4989,Logan 1.0,BHET12.5,0.08593137271236628,0.0058308824663981795,8,-0.0801004902459681,120,peak_at_start,6
LG00105,MisguidedDegree,SRR14362172_4989,Logan 1.0,BHET25,0.020389705619891174,0.016811274414067157,24,-0.0035784312058240175,120,,6
LG00106,CuddlyGuide,SRR14527628_79383,Logan 1.0,BHET12.5,0.03354166665303637,0.010262254974804819,8,-0.023279411678231554,72,peak_at_start,6
LG00106,CuddlyGuide,SRR14527628_79383,Logan 1.0,BHET25,0.03147549026471097,0.009107843274250627,8,-0.022367646990460344,72,peak_at_start,6
LG00107,MeaslyDrunk,SRR14574980_43392,Logan 1.0,BHET12.5,0.04702941153664142,0.01003431377466768,8,-0.03699509776197374,120,peak_at_start,6
LG00107,MeaslyDrunk,SRR14574980_43392,Logan 1.0,BHET25,0.05663725431077182,0.009107843157835305,8,-0.04752941115293652,120,peak_at_start,6
LG00108,EcstaticTone,SRR14576916_391095,Logan 1.0,BHET12.5,0.04880882380530238,0.010279411915689707,8,-0.038529411889612675,120,peak_at_start,6
LG00108,EcstaticTone,SRR14576916_391095,Logan 1.0,BHET25,0.06314215634483844,0.013578431331552565,8,-0.049563725013285875,120,peak_at_start,6
LG00109,SoupyFix,SRR14695722_75236,Logan 1.0,BHET12.5,0.048303921706974506,0.010362745262682438,8,-0.03794117644429207,120,peak_at_start,6
LG00109,SoupyFix,SRR14695722_75236,Logan 1.0,BHET25,0.06270588224288076,0.013372549205087125,8,-0.049333333037793636,120,peak_at_start,6
LG00110,AwkwardOffice,SRR14802574_702608,Logan 1.0,BHET12.5,0.0475906859501265,0.009718137269373983,8,-0.037872548680752516,120,peak_at_start,6
LG00110,AwkwardOffice,SRR14802574_702608,Logan 1.0,BHET25,0.05865931371226907,0.013463235460221767,8,-0.0451960782520473,120,peak_at_start,6
LG00111,DazzlingHang,SRR14865845_60467,Logan 1.0,BHET12.5,0.04926715645706281,0.008669117873068899,8,-0.04059803858399391,120,peak_at_start,6
LG00111,DazzlingHang,SRR14865845_60467,Logan 1.0,BHET25,0.06282598047982901,0.01242892153095454,8,-0.050397058948874474,120,peak_at_start,6
LG00112,WaryFemale,SRR14954404_30870,Logan 1.0,BHET12.5,0.05046813713852316,0.007110294071026146,8,-0.043357843067497015,120,peak_at_start,6
LG00112,WaryFemale,SRR14954404_30870,Logan 1.0,BHET25,0.06315196061041206,0.01167647063266486,8,-0.0514754899777472,120,peak_at_start,6
LG00113,SubmissivePanic,SRR1523874_4491,Logan 1.0,BHET12.5,0.05698529406799935,0.005088235338917002,8,-0.051897058729082346,120,peak_at_start,6
LG00113,SubmissivePanic,SRR1523874_4491,Logan 1.0,BHET25,0.06149999878834933,0.009485293994657695,8,-0.052014704793691635,120,peak_at_start,6
LG00114,FormalHomework,SRR15371989_72478,Logan 1.0,BHET12.5,0.00833455566316843,0.13380146911367774,96,0.1254669134505093,120,single_degradation_point,6
LG00114,FormalHomework,SRR15371989_72478,Logan 1.0,BHET25,0.0051482848248269875,0.13073652061939356,96,0.12558823579456657,120,single_degradation_point,6
LG00115,TintedBrilliant,SRR15430510_32059,Logan 1.0,BHET12.5,0.029720588121563196,0.009901960496790707,8,-0.01981862762477249,24,peak_at_start,6
LG00115,TintedBrilliant,SRR15430510_32059,Logan 1.0,BHET25,0.03178921542712487,0.01065196085255593,8,-0.021137254574568942,48,peak_at_start,6
LG00116,CrispBicycle,SRR15458308_127373,Logan 1.0,BHET12.5,0.026387259147668374,0.010308823664672673,8,-0.0160784354829957,24,peak_at_start,6
LG00116,CrispBicycle,SRR15458308_127373,Logan 1.0,BHET25,0.024514705408364534,0.013725490309298038,8,-0.010789215099066496,48,peak_at_start,6
LG00117,MasculineEmployee,SRR16759749_268810,Logan 1.0,BHET12.5,0.03947058838093653,0.010151960712391883,8,-0.02931862766854465,120,peak_at_start,6
LG00117,MasculineEmployee,SRR16759749_268810,Logan 1.0,BHET25,0.0481813729275018,0.013367646955884993,8,-0.034813725971616805,120,peak_at_start,6
LG00118,VerifiableGuest,SRR16950703_360364,Logan 1.0,BHET12.5,0.033061274443753064,0.011281862622126937,8,-0.021779411821626127,120,peak_at_start,6
LG00118,VerifiableGuest,SRR16950703_360364,Logan 1.0,BHET25,0.04282107832841575,0.014642157009802759,8,-0.028178921318612993,120,peak_at_start,6
LG00119,PleasingHunt,SRR17041388_347861,Logan 1.0,BHET12.5,0.047051470435690135,0.00842401961563155,8,-0.038627450820058584,120,peak_at_start,6
LG00119,PleasingHunt,SRR17041388_347861,Logan 1.0,BHET25,0.06028676498681307,0.012651960831135511,8,-0.04763480415567756,120,peak_at_start,6
LG00120,NecessaryGrand,SRR17295761_37586,Logan 1.0,BHET12.5,0.04677941161207855,0.00683823530562222,8,-0.03994117630645633,120,peak_at_start,6
LG00120,NecessaryGrand,SRR17295761_37586,Logan 1.0,BHET25,0.06053921498823911,0.011598039069212973,8,-0.048941175919026136,120,peak_at_start,6
LG00121,CraftyEmergency,SRR17828879_219644,Logan 1.0,BHET12.5,0.03717892192071304,0.0047941175871528685,8,-0.03238480433356017,72,peak_at_start,6
LG00121,CraftyEmergency,SRR17828879_219644,Logan 1.0,BHET25,0.03801225345523562,0.009267156652640551,8,-0.02874509680259507,120,peak_at_start,6
LG00122,FrailDebate,SRR18156181_603674,Logan 1.0,BHET12.5,0.04125980398384854,-0.002041666681179777,8,-0.04330147066502832,72,peak_at_start,6
LG00122,FrailDebate,SRR18156181_603674,Logan 1.0,BHET25,0.07533823574158305,0.005709558919988922,8,-0.06962867682159413,72,peak_at_start,6
LG00123,FrequentPlay,SRR18577045_38081,Logan 1.0,BHET12.5,0.01044117595301941,0.011676470807287842,96,0.0012352948542684317,120,single_degradation_point,6
LG00123,FrequentPlay,SRR18577045_38081,Logan 1.0,BHET25,,0.012607843134901486,120,,,peak_at_end,6
LG00124,WholeAnything,SRR19414414_32612,Logan 1.0,BHET12.5,0.00965808890759945,0.14687745086848736,96,0.1372193619608879,120,single_degradation_point,6
LG00124,WholeAnything,SRR19414414_32612,Logan 1.0,BHET25,0.0010906858369708061,0.2054240182042122,96,0.20433333236724138,120,single_degradation_point,6
LG00125,ActualBar,SRR19742208_42773,Logan 1.0,BHET12.5,0.0016323531162925065,0.0339460787945427,96,0.032313725678250194,120,single_degradation_point,6
LG00125,ActualBar,SRR19742208_42773,Logan 1.0,BHET25,,0.04805392073467374,120,,,peak_at_end,6
LG00126,FavoritePotato,SRR20309463_795,Logan 1.0,BHET12.5,0.008268381920061074,0.034432597560225986,96,0.026164215640164912,120,single_degradation_point,6
LG00126,FavoritePotato,SRR20309463_795,Logan 1.0,BHET25,0.03985784316319041,0.021328431350411847,8,-0.018529411812778562,72,peak_at_start,6
LG00127,LittleCrack,SRR21130500_826597,Logan 1.0,BHET12.5,0.04128921532537788,0.009269607835449278,8,-0.0320196074899286,120,peak_at_start,6
LG00127,LittleCrack,SRR21130500_826597,Logan 1.0,BHET25,0.042656862991862,0.014137254911474884,8,-0.028519608080387115,120,peak_at_start,6
LG00128,CarefreeResort,SRR21210593_63796,Logan 1.0,BHET12.5,0.029095588324707933,0.008453431073576212,8,-0.02064215725113172,72,peak_at_start,6
LG00128,CarefreeResort,SRR21210593_63796,Logan 1.0,BHET25,0.028004901949316263,0.015514705795794725,8,-0.012490196153521538,72,peak_at_start,6
LG00129,RosyChicken,SRR21419831_257710,Logan 1.0,BHET12.5,0.00795956130605191,0.1442169127985835,96,0.1362573514925316,120,single_degradation_point,6
LG00129,RosyChicken,SRR21419831_257710,Logan 1.0,BHET25,,0.17400245103635825,120,,,peak_at_end,6
LG00130,AgileAwareness,SRR21941336_37408,Logan 1.0,BHET12.5,0.04357598010392394,-0.0004264704912202433,8,-0.04400245059514418,72,peak_at_start,6
LG00130,AgileAwareness,SRR21941336_37408,Logan 1.0,BHET25,0.06951960751030128,0.0061985294305486605,8,-0.06332107807975262,72,peak_at_start,6
LG00131,BoldSpite,SRR22136574_3522411,Logan 1.0,BHET12.5,0.039705882081761956,0.009250000002793968,8,-0.03045588207896799,120,peak_at_start,6
LG00131,BoldSpite,SRR22136574_3522411,Logan 1.0,BHET25,0.0439926462713629,0.009468137170188129,8,-0.03452450910117477,120,peak_at_start,6
LG00132,PreviousBill,SRR22234379_583440,Logan 1.0,BHET12.5,0.02475245067034848,-0.0003602942160796374,8,-0.025112744886428118,72,peak_at_start,6
LG00132,PreviousBill,SRR22234379_583440,Logan 1.0,BHET25,0.0534865194131271,0.010182597943639848,8,-0.04330392146948725,72,peak_at_start,6
LG00133,HurtfulPride,SRR22541061_93121,Logan 1.0,BHET12.5,0.009982844814658165,0.2171274535357952,96,0.20714460872113705,120,single_degradation_point,6
LG00133,HurtfulPride,SRR22541061_93121,Logan 1.0,BHET25,0.0031299013644456863,0.25799264945089817,96,0.2548627480864525,120,single_degradation_point,6
LG00134,PreciousPiece,SRR23008605_28430,Logan 1.0,BHET12.5,0.0600784316775389,0.08076470624655485,48,0.02068627456901595,120,,6
LG00134,PreciousPiece,SRR23008605_28430,Logan 1.0,BHET25,0.023196078836917877,0.17056127823889256,48,0.14736519940197468,120,,6
LG00135,UpbeatPut,SRR23636745_2174529,Logan 1.0,BHET12.5,0.0076446079183369875,0.02114950935356319,96,0.013504901435226202,120,single_degradation_point,6
LG00135,UpbeatPut,SRR23636745_2174529,Logan 1.0,BHET25,,0.017779411195078865,120,,,peak_at_end,6
LG00136,UnpleasantSoftware,SRR23730084_129305,Logan 1.0,BHET12.5,0.013497548177838326,0.07775245001539588,96,0.06425490183755755,120,single_degradation_point,6
LG00136,UnpleasantSoftware,SRR23730084_129305,Logan 1.0,BHET25,0.013698528055101633,0.09170833183452487,24,0.07800980377942324,120,,6
LG00137,CourageousHat,SRR24001352_21752,Logan 1.0,BHET12.5,0.02254166573402472,0.025904411711962894,96,0.003362745977938175,120,single_degradation_point,6
LG00137,CourageousHat,SRR24001352_21752,Logan 1.0,BHET25,0.02164215687662363,0.03732352959923446,24,0.01568137272261083,48,single_degradation_point,6
LG00138,AromaticReach,SRR24001352_43921,Logan 1.0,BHET12.5,0.045970588544150814,0.0061274511681403965,8,-0.03984313737601042,120,peak_at_start,6
LG00138,AromaticReach,SRR24001352_43921,Logan 1.0,BHET25,0.057235293672420084,0.012382352841086686,8,-0.0448529408313334,120,peak_at_start,6
LG00139,HeftyBox,SRR24270839_443745,Logan 1.0,BHET12.5,0.03594607710601849,0.0036397041030795663,8,-0.032306373002938926,72,peak_at_start,6
LG00139,HeftyBox,SRR24270839_443745,Logan 1.0,BHET25,0.045264706132002175,0.01000490179285407,8,-0.035259804339148104,96,peak_at_start,6
LG00140,OverjoyedSeries,SRR24863433_5674,Logan 1.0,BHET12.5,0.04786029434762895,0.006482843076810241,8,-0.04137745127081871,120,peak_at_start,6
LG00140,OverjoyedSeries,SRR24863433_5674,Logan 1.0,BHET25,0.05899264619802125,0.00731127432663925,8,-0.051681371871382,120,peak_at_start,6
LG00141,NastyRemote,SRR24907501_79708,Logan 1.0,BHET12.5,0.048681372485589236,0.008985294203739613,8,-0.03969607828184962,120,peak_at_start,6
LG00141,NastyRemote,SRR24907501_79708,Logan 1.0,BHET25,0.05982843163656071,0.009720587928313762,8,-0.050107843708246946,120,peak_at_start,6
LG00142,Jam-packedRemove,SRR24956186_742414,Logan 1.0,BHET12.5,0.034919117868412286,0.00973529415205121,8,-0.025183823716361076,72,peak_at_start,6
LG00142,Jam-packedRemove,SRR24956186_742414,Logan 1.0,BHET25,0.0445392157707829,0.013294117641635239,8,-0.031245098129147664,96,peak_at_start,6
LG00143,FriendlyClassroom,SRR25158249_220564,Logan 1.0,BHET12.5,0.009443627728614956,0.023713235568720847,96,0.014269607840105891,120,single_degradation_point,6
LG00143,FriendlyClassroom,SRR25158249_220564,Logan 1.0,BHET25,,0.024279411882162094,120,,,peak_at_end,6
LG00144,UnitedDress,SRR25158324_2535008,Logan 1.0,BHET12.5,0.039090686244890094,0.010002450784668326,8,-0.029088235460221767,120,peak_at_start,6
LG00144,UnitedDress,SRR25158324_2535008,Logan 1.0,BHET25,0.04713480407372117,0.013901960803195834,8,-0.033232843270525336,96,peak_at_start,6
LG00145,PastAnswer,SRR25547245_993609,Logan 1.0,BHET12.5,0.049433823383878917,0.009482843044679612,8,-0.039950980339199305,120,peak_at_start,6
LG00145,PastAnswer,SRR25547245_993609,Logan 1.0,BHET25,0.05681862717028707,0.013397059054113925,8,-0.04342156811617315,120,peak_at_start,6
LG00146,OutrageousCable,SRR25727107_131495,Logan 1.0,BHET12.5,0.052982842724304646,0.007151960569899529,8,-0.04583088215440512,120,peak_at_start,6
LG00146,OutrageousCable,SRR25727107_131495,Logan 1.0,BHET25,0.0648627458140254,0.012681372463703156,8,-0.05218137335032225,120,peak_at_start,6
LG00147,HelplessSecretary,SRR25727962_708236,Logan 1.0,BHET12.5,0.053495098123676144,0.004676470751292072,8,-0.04881862737238407,120,peak_at_start,6
LG00147,HelplessSecretary,SRR25727962_708236,Logan 1.0,BHET25,0.06670097971800715,0.010068627656437457,8,-0.05663235206156969,120,peak_at_start,6
LG00148,Made-upHistorian,SRR26046407_1203775,Logan 1.0,BHET12.5,0.04736764688277617,0.0059411763795651495,8,-0.04142647050321102,120,peak_at_start,6
LG00148,Made-upHistorian,SRR26046407_1203775,Logan 1.0,BHET25,0.049482844894555456,0.00874019799175585,8,-0.040742646902799606,120,peak_at_start,6
LG00149,AbsoluteGrocery,SRR26075049_937218,Logan 1.0,BHET12.5,0.0468186269281432,0.008014705847017467,8,-0.038803921081125736,120,peak_at_start,6
LG00149,AbsoluteGrocery,SRR26075049_937218,Logan 1.0,BHET25,0.05033578467555344,0.010102941188961267,8,-0.040232843486592174,120,peak_at_start,6
LG00150,IntrepidSkirt,SRR26075051_5618361,Logan 1.0,BHET12.5,0.05060049064923078,0.009590686415322125,8,-0.04100980423390865,120,peak_at_start,6
LG00150,IntrepidSkirt,SRR26075051_5618361,Logan 1.0,BHET25,0.059965687221847475,0.01331372547429055,8,-0.046651961747556925,120,peak_at_start,6
LG00151,GranularInfluence,SRR26075152_134008,Logan 1.0,BHET12.5,0.03562500077532604,0.020642157236579806,24,-0.014982843538746238,120,,6
LG00151,GranularInfluence,SRR26075152_134008,Logan 1.0,BHET25,0.022409313853131607,0.011985294288024306,96,-0.010424019565107301,120,single_degradation_point,6
LG00152,TenseReaction,SRR26290402_3525830,Logan 1.0,BHET12.5,0.051350490597542375,0.00902205886086449,8,-0.042328431736677885,120,peak_at_start,6
LG00152,TenseReaction,SRR26290402_3525830,Logan 1.0,BHET25,0.06363235285971314,0.013671568711288273,8,-0.049960784148424864,120,peak_at_start,6
LG00153,VapidChocolate,SRR26290450_3599995,Logan 1.0,BHET12.5,0.052392156852874905,0.008700980397406965,8,-0.04369117645546794,120,peak_at_start,6
LG00153,VapidChocolate,SRR26290450_3599995,Logan 1.0,BHET25,0.06508088251575828,0.013666666578501463,8,-0.05141421593725681,120,peak_at_start,6
LG00154,GlumLink,SRR26290483_118036,Logan 1.0,BHET12.5,0.05398529506055638,0.007558823737781495,8,-0.04642647132277489,120,peak_at_start,6
LG00154,GlumLink,SRR26290483_118036,Logan 1.0,BHET25,0.06656127353198826,0.013365195831283927,8,-0.053196077700704336,120,peak_at_start,6
LG00155,ScientificResource,SRR26313965_71362,Logan 1.0,BHET12.5,0.05440196010749787,0.005911764572374523,8,-0.04849019553512335,120,peak_at_start,6
LG00155,ScientificResource,SRR26313965_71362,Logan 1.0,BHET25,0.0673970595235005,0.012872548890300095,8,-0.05452451063320041,120,peak_at_start,6
LG00156,AdventurousPrice,SRR26319883_566195,Logan 1.0,BHET12.5,0.05329166694718879,0.0033357843494741246,8,-0.04995588259771466,120,peak_at_start,6
LG00156,AdventurousPrice,SRR26319883_566195,Logan 1.0,BHET25,0.06679656845517457,0.010764705715700984,8,-0.05603186273947358,120,peak_at_start,6
LG00157,WhoppingWeekend,SRR26324216_19427,Logan 1.0,BHET12.5,0.05008578405249864,-0.005245097796432674,8,-0.05533088184893131,120,peak_at_start,6
LG00157,WhoppingWeekend,SRR26324216_19427,Logan 1.0,BHET25,0.09837499930290505,0.017252450983505696,8,-0.08112254831939936,72,peak_at_start,6
LG00158,RuralFuneral,SRR26541423_84165,Logan 1.0,BHET12.5,0.04963235277682543,0.0057009803131222725,8,-0.043931372463703156,120,peak_at_start,6
LG00158,RuralFuneral,SRR26541423_84165,Logan 1.0,BHET25,0.05612254899460822,0.0072254902916029096,8,-0.048897058703005314,120,peak_at_start,6
LG00159,PreviousMorning,SRR26541433_19998,Logan 1.0,BHET12.5,0.05240441192290746,0.006311274453764781,8,-0.046093137469142675,120,peak_at_start,6
LG00159,PreviousMorning,SRR26541433_19998,Logan 1.0,BHET25,0.06196568580344319,0.009720588102936745,8,-0.05224509770050645,120,peak_at_start,6
LG00160,SecondIsland,SRR26587149_857731,Logan 1.0,BHET12.5,0.05069362686481327,0.007629901985637844,8,-0.043063724879175425,120,peak_at_start,6
LG00160,SecondIsland,SRR26587149_857731,Logan 1.0,BHET25,0.05786764691583812,0.012188725406304002,8,-0.04567892150953412,120,peak_at_start,6
LG00161,IdolizedRoad,SRR26965291_34719,Logan 1.0,BHET12.5,0.0523284311639145,0.007877451018430293,8,-0.04445098014548421,120,peak_at_start,6
LG00161,IdolizedRoad,SRR26965291_34719,Logan 1.0,BHET25,0.06550735339988023,0.012575980392284691,8,-0.05293137300759554,120,peak_at_start,6
LG00162,ViciousKnee,SRR3314882_89058,Logan 1.0,BHET12.5,0.053357843367848545,0.00730882358038798,8,-0.046049019787460566,120,peak_at_start,6
LG00162,ViciousKnee,SRR3314882_89058,Logan 1.0,BHET25,0.06686274625826627,0.012901960988529027,8,-0.053960785269737244,120,peak_at_start,6
LG00163,PotableMinor,SRR3989453_37515,Logan 1.0,BHET12.5,0.05425735330209136,0.006786764599382877,8,-0.04747058870270848,120,peak_at_start,6
LG00163,PotableMinor,SRR3989453_37515,Logan 1.0,BHET25,0.06787500064820051,0.012590686324983835,8,-0.05528431432321668,120,peak_at_start,6
LG00164,ExcitableBrilliant,SRR4128967_345579,Logan 1.0,BHET12.5,0.05464705883059651,0.0052990197436884046,8,-0.0493480390869081,120,peak_at_start,6
LG00164,ExcitableBrilliant,SRR4128967_345579,Logan 1.0,BHET25,0.06952205824200064,0.012200980097986758,8,-0.05732107814401388,120,peak_at_start,6
LG00165,SwiftContract,SRR5469033_60193,Logan 1.0,BHET12.5,0.05458823519802536,0.0025245097749575507,8,-0.05206372542306781,120,peak_at_start,6
LG00165,SwiftContract,SRR5469033_60193,Logan 1.0,BHET25,0.06967892253305763,0.009276960860006511,8,-0.06040196167305112,120,peak_at_start,6
LG00166,OvalLeading,SRR5582322_91355,Logan 1.0,BHET12.5,0.051811273689963855,0.0022941175993764773,8,-0.04951715609058738,120,peak_at_start,6
LG00166,OvalLeading,SRR5582322_91355,Logan 1.0,BHET25,0.0731887255969923,0.012848039361415431,8,-0.06034068623557687,120,peak_at_start,6
LG00167,UtterQuiet,SRR5583254_6888706,Logan 1.0,BHET12.5,0.05122303914868098,0.0030196076131687732,8,-0.04820343153551221,120,peak_at_start,6
LG00167,UtterQuiet,SRR5583254_6888706,Logan 1.0,BHET25,0.06390686274971813,0.006784313707612455,8,-0.057122549042105675,120,peak_at_start,6
LG00168,UselessNeck,SRR5679025_626712,Logan 1.0,BHET12.5,0.025360294443089515,0.005019607895519584,8,-0.02034068654756993,72,peak_at_start,6
LG00168,UselessNeck,SRR5679025_626712,Logan 1.0,BHET25,0.03743627486983314,0.009401960589457303,8,-0.02803431428037584,96,peak_at_start,6
LG00169,MortifiedInside,SRR5855429_11905,Logan 1.0,BHET12.5,0.05107843104633503,0.004656862671254203,8,-0.046421568375080824,120,peak_at_start,6
LG00169,MortifiedInside,SRR5855429_11905,Logan 1.0,BHET25,0.06441421521594748,0.008867646974977106,8,-0.05554656824097037,120,peak_at_start,6
LG00170,CultivatedEat,SRR6129205_10729,Logan 1.0,BHET12.5,0.052642156966612674,0.00410294126777444,8,-0.048539215698838234,120,peak_at_start,6
LG00170,CultivatedEat,SRR6129205_10729,Logan 1.0,BHET25,0.06738480378407985,0.009124999982304871,8,-0.05825980380177498,120,peak_at_start,6
LG00171,WiseLift,SRR7548956_74754,Logan 1.0,BHET12.5,0.05302205831685569,0.004144607679336332,8,-0.04887745063751936,120,peak_at_start,6
LG00171,WiseLift,SRR7548956_74754,Logan 1.0,BHET25,0.06948529346846044,0.00949999992735684,8,-0.0599852935411036,120,peak_at_start,6
LG00172,ConcreteExample,SRR7595024_846748,Logan 1.0,BHET12.5,0.049735293941921555,0.0025980390928452834,8,-0.04713725484907627,120,peak_at_start,6
LG00172,ConcreteExample,SRR7595024_846748,Logan 1.0,BHET25,0.07018137315753847,0.009808823582716286,8,-0.06037254957482219,120,peak_at_start,6
LG00173,ScaryIron,SRR7783776_670,Logan 1.0,BHET12.5,0.05269362732906302,0.0008014706163521623,8,-0.05189215671271086,120,peak_at_start,6
LG00173,ScaryIron,SRR7783776_670,Logan 1.0,BHET25,0.0734387265983969,0.009125000098720193,8,-0.0643137264996767,120,peak_at_start,6
LG00174,InfamousShoulder,SRR7967696_318013,Logan 1.0,BHET12.5,0.05481862652231939,-0.006230391998542473,8,-0.061049018520861864,72,peak_at_start,6
LG00174,InfamousShoulder,SRR7967696_318013,Logan 1.0,BHET25,0.12036274585989304,0.0032892155286390334,8,-0.117073530331254,120,peak_at_start,6
LG00175,ProperOwner,SRR8240096_94099,Logan 1.0,BHET12.5,0.052115196478553116,-0.005002451012842357,8,-0.057117647491395473,72,peak_at_start,6
LG00175,ProperOwner,SRR8240096_94099,Logan 1.0,BHET25,0.10243627674390154,0.002745098094237619,8,-0.09969117864966393,72,peak_at_start,6
LG00176,GreatRespect,SRR8569139_9422,Logan 1.0,BHET12.5,0.052977941231802106,-0.004428921500220895,8,-0.057406862732023,120,peak_at_start,6
LG00176,GreatRespect,SRR8569139_9422,Logan 1.0,BHET25,0.0894387252337765,0.005139705695910379,8,-0.08429901953786612,72,peak_at_start,6
LG00177,FluffyHeavy,SRR8862675_1241843,Logan 1.0,BHET12.5,0.05305147042963654,-0.0038651960203424096,8,-0.05691666644997895,72,peak_at_start,6
LG00177,FluffyHeavy,SRR8862675_1241843,Logan 1.0,BHET25,0.11421078482817393,0.005627450926112942,8,-0.10858333390206099,72,peak_at_start,6
LG00178,VitalBackground,SRR9045818_458708,Logan 1.0,BHET12.5,0.05637745151761919,-0.004274509730748832,8,-0.060651961248368025,72,peak_at_start,6
LG00178,VitalBackground,SRR9045818_458708,Logan 1.0,BHET25,0.12454901904857252,0.004720588112832047,8,-0.11982843093574047,120,peak_at_start,6
LG00179,GiddyReply,SRR908275_10703,Logan 1.0,BHET12.5,0.05739215645007789,-0.005661764880642295,8,-0.06305392133072019,72,peak_at_start,6
LG00179,GiddyReply,SRR908275_10703,Logan 1.0,BHET25,0.12916176416911185,0.00542647042311728,8,-0.12373529374599457,120,peak_at_start,6
LG00180,CelebratedReaction,SRR9643230_217764,Logan 1.0,BHET12.5,0.05896813792060129,-0.007727941061602905,8,-0.0666960789822042,72,peak_at_start,6
LG00180,CelebratedReaction,SRR9643230_217764,Logan 1.0,BHET25,0.13111274564198538,0.004083333215930907,8,-0.12702941242605448,120,peak_at_start,6
Mors1,JoyfulConstruction,P19833.1,GenBank,BHET12.5,0.012941176653839648,0.001568627543747425,48,-0.011372549110092223,96,,6
Mors1,JoyfulConstruction,P19833.1,GenBank,BHET25,0.024068628074019216,0.008877451211446896,8,-0.01519117686257232,120,peak_at_start,6
MU00001,Black-and-whiteSugar,AR241010_152_M1,manual design,BHET12.5,0.020473038195632398,0.06166421470697969,24,0.041191176511347294,72,,6
MU00001,Black-and-whiteSugar,AR241010_152_M1,manual design,BHET25,0.01586519554257393,0.05517401825636625,24,0.039308822713792324,120,,6
MU00002,Happy-go-luckyWriting,AR241010_152_M2,manual design,BHET12.5,0.027215687558054924,0.17091666720807552,48,0.1437009796500206,120,,6
MU00002,Happy-go-luckyWriting,AR241010_152_M2,manual design,BHET25,0.029727941378951073,0.21238970570266247,48,0.1826617643237114,120,,6
MU00003,SpeedyLife,AR241010_152_M3,manual design,BHET12.5,0.008348040282726288,0.15967892296612263,48,0.15133088268339634,72,single_degradation_point,6
MU00003,SpeedyLife,AR241010_152_M3,manual design,BHET25,0.02209804393351078,0.1967254914343357,48,0.17462744750082493,120,,6
MU00004,NecessarySite,AR241010_152_M4,manual design,BHET12.5,0.02590931369923055,0.10685784416273236,24,0.08094853046350181,120,,6
MU00004,NecessarySite,AR241010_152_M4,manual design,BHET25,0.022632354288361967,0.10857843363191932,24,0.08594607934355736,48,single_degradation_point,6
MU00005,KookyGreen,AR241010_169_M1,manual design,BHET12.5,0.011264705040957779,0.05018137191655114,96,0.038916666875593364,120,single_degradation_point,6
MU00005,KookyGreen,AR241010_169_M1,manual design,BHET25,0.01722303917631507,0.04977696086280048,96,0.03255392168648541,120,single_degradation_point,6
MU00006,NippyRelation,WP_054022242.1_M7,manual design,BHET12.5,0.05225490150041878,-0.005411765072494745,8,-0.05766666657291353,72,peak_at_start,6
MU00006,NippyRelation,WP_054022242.1_M7,manual design,BHET25,0.11106862635642756,0.001941176553373225,8,-0.10912744980305433,72,peak_at_start,6
MU00007,CooperativeJump,WP_054022242.1_M8,manual design,BHET12.5,0.03714460809715092,0.020274510141462088,24,-0.016870097955688834,72,,6
MU00007,CooperativeJump,WP_054022242.1_M8,manual design,BHET25,0.06343627459136769,0.036428922321647406,24,-0.027007352269720286,48,single_degradation_point,6
MU00008,GenuineReserve,WP_054022242.1_M9,manual design,BHET12.5,0.24234804138541222,0.05843627452850342,8,-0.1839117668569088,120,peak_at_start,6
MU00008,GenuineReserve,WP_054022242.1_M9,manual design,BHET25,0.08826960949227214,0.1581176482141018,24,0.06984803872182965,120,,6
MU00009,MotherlyMove,WP_054022242.1_M10,manual design,BHET12.5,0.1024877454910893,0.040230392245575786,24,-0.062257353245513514,96,,6
MU00009,MotherlyMove,WP_054022242.1_M10,manual design,BHET25,0.058259802870452404,0.13926470559090376,24,0.08100490272045135,120,,6
MU00010,VacantHalf,WP_054022242.1_M11,manual design,BHET12.5,0.15576715487986803,0.04125490132719278,8,-0.11451225355267525,96,peak_at_start,6
MU00010,VacantHalf,WP_054022242.1_M11,manual design,BHET25,0.06260784342885017,0.1322696078568697,24,0.06966176442801952,120,,6
MU00011,MundaneStill,WP_054022242.1_M1,manual design,BHET12.5,0.052333333413116634,-0.007117647328414023,8,-0.05945098074153066,72,peak_at_start,6
MU00011,MundaneStill,WP_054022242.1_M1,manual design,BHET25,0.1148406870488543,-0.001242647151229903,8,-0.11608333420008421,120,peak_at_start,6
MU00012,FatherlyVisit,WP_054022242.1_M2,manual design,BHET12.5,0.029602941212942824,0.007049019419355318,24,-0.022553921793587506,120,,6
MU00012,FatherlyVisit,WP_054022242.1_M2,manual design,BHET25,0.04127450939267874,0.0237941169179976,8,-0.01748039247468114,120,peak_at_start,6
MU00013,IdlePanic,WP_054022242.1_M3,manual design,BHET12.5,0.11712745274417102,0.03300000028684735,24,-0.08412745245732367,120,,6
MU00013,IdlePanic,WP_054022242.1_M3,manual design,BHET25,0.07879656893783249,0.10736274532973766,24,0.028566176391905174,120,,6
MU00014,CorruptTongue,WP_054022242.1_M4,manual design,BHET12.5,0.041291666333563626,0.03137499978765845,24,-0.009916666545905173,96,,6
MU00014,CorruptTongue,WP_054022242.1_M4,manual design,BHET25,0.03640686278231442,0.09575735311955214,48,0.059350490337237716,96,,6
MU00015,AngelicCarry,WP_054022242.1_M5,manual design,BHET12.5,0.019921569270081818,0.035617647459730506,24,0.015696078189648688,72,,6
MU00015,AngelicCarry,WP_054022242.1_M5,manual design,BHET25,0.010943627916276455,0.0923602944239974,24,0.08141666650772095,120,,6
MU00016,VainResolution,ERR11028298_3008807_M1,manual design,BHET12.5,0.0520563725149259,-0.006036764592863619,8,-0.058093137107789516,120,peak_at_start,6
MU00016,VainResolution,ERR11028298_3008807_M1,manual design,BHET25,0.09644117696734611,-0.0010367648064857349,8,-0.09747794177383184,72,peak_at_start,6
MU00017,PerfumedSell,ERR3697023_14244245_M1,manual design,BHET12.5,0.03329166668117978,-0.005223039072006941,8,-0.03851470575318672,72,peak_at_start,6
MU00017,PerfumedSell,ERR3697023_14244245_M1,manual design,BHET25,0.09305882433545776,0.0062205882568378,8,-0.08683823607861996,72,peak_at_start,6
MU00018,DeliriousReputation,SRR12266064_2045115_M1,manual design,BHET12.5,0.05116666603134945,-0.008642156783025712,8,-0.05980882281437516,72,peak_at_start,6
MU00018,DeliriousReputation,SRR12266064_2045115_M1,manual design,BHET25,0.10315441232523881,0.0049436277186032385,8,-0.09821078460663557,72,peak_at_start,6
MU00019,FaithfulFold,SRR13589008_41305_M1,manual design,BHET12.5,0.04269607822061516,-0.005879902048036456,8,-0.04857598026865162,72,peak_at_start,6
MU00019,FaithfulFold,SRR13589008_41305_M1,manual design,BHET25,0.10345833418887196,0.0074754920415216475,8,-0.09598284214735031,72,peak_at_start,6
MU00020,AmpleCow,SRR15371989_72478_M1,manual design,BHET12.5,0.029303921153768897,0.038519607624039054,24,0.009215686470270157,120,,6
MU00020,AmpleCow,SRR15371989_72478_M1,manual design,BHET25,0.03674509935081005,0.03189705964177847,24,-0.004848039709031582,120,,6
MU00021,ScornfulChange,SRR15371989_72478_M2,manual design,BHET12.5,0.010377449914813042,0.21019607782363892,48,0.19981862790882587,72,single_degradation_point,6
MU00021,ScornfulChange,SRR15371989_72478_M2,manual design,BHET25,0.021504899486899376,0.235463235527277,48,0.21395833604037762,120,,6
MU00022,InbornFault,SRR15371989_72478_M3,manual design,BHET12.5,0.011767156422138214,0.19037254713475704,96,0.17860539071261883,120,single_degradation_point,6
MU00022,InbornFault,SRR15371989_72478_M3,manual design,BHET25,0.01725735515356064,0.21168382465839386,72,0.19442646950483322,120,,6
MU00023,ForcefulGive,SRR15371989_72478_M4,manual design,BHET12.5,0.026904409751296043,0.19735539332032204,48,0.170450983569026,120,,6
MU00023,ForcefulGive,SRR15371989_72478_M4,manual design,BHET25,0.039551472291350365,0.23316666670143604,48,0.19361519441008568,120,,6
MU00024,EnragedSpare,SRR19414414_32612_M1,manual design,BHET12.5,0.05353186349384487,-0.007414215477183461,8,-0.06094607897102833,72,peak_at_start,6
MU00024,EnragedSpare,SRR19414414_32612_M1,manual design,BHET25,0.11401961082538037,0.004495100024541898,8,-0.10952451080083847,72,peak_at_start,6
MU00025,LeftAdvance,SRR20309463_795_M1,manual design,BHET12.5,0.02478186228836421,0.019129902037093416,24,-0.005651960251270793,120,,6
MU00025,LeftAdvance,SRR20309463_795_M1,manual design,BHET25,0.039656862150877714,0.010882353119086474,8,-0.02877450903179124,72,peak_at_start,6
MU00026,BraveRate,SRR20309463_795_M2,manual design,BHET12.5,0.0013431366533041,0.11621568631380796,96,0.11487254966050386,120,single_degradation_point,6
MU00026,BraveRate,SRR20309463_795_M2,manual design,BHET25,0.013068626634776592,0.11197548918426037,48,0.09890686254948378,120,,6
MU00027,UnrulySail,SRR20309463_795_M3,manual design,BHET12.5,0.007899511139839888,0.09121568757109344,96,0.08331617643125355,120,single_degradation_point,6
MU00027,UnrulySail,SRR20309463_795_M3,manual design,BHET25,0.021713232970796525,0.07497058640001342,24,0.05325735342921689,72,,6
MU00028,ProductiveBaby,SRR20309463_795_M4,manual design,BHET12.5,0.019252452068030834,0.08951470628380775,24,0.07026225421577692,120,,6
MU00028,ProductiveBaby,SRR20309463_795_M4,manual design,BHET25,0.059845589101314545,0.11953431461006403,24,0.059688725508749485,120,,6
MU00029,FirmBirthday,SRR21419831_257710_M1,manual design,BHET12.5,0.04845588281750679,-0.004470588406547904,8,-0.052926471224054694,72,peak_at_start,6
MU00029,FirmBirthday,SRR21419831_257710_M1,manual design,BHET25,0.10818137224123348,0.005448529453133233,8,-0.10273284278810024,72,peak_at_start,6
MU00030,FaintFee,SRR22234379_583440_M1,manual design,BHET12.5,0.021901960266404785,0.0413039208506234,96,0.019401960584218614,120,single_degradation_point,6
MU00030,FaintFee,SRR22234379_583440_M1,manual design,BHET25,0.026333333342336118,0.048235293943434954,96,0.021901960601098835,120,single_degradation_point,6
MU00031,IdenticalObjective,SRR22234379_583440_M2,manual design,BHET12.5,0.016330881044268608,0.08720833249390125,96,0.07087745144963264,120,single_degradation_point,6
MU00031,IdenticalObjective,SRR22234379_583440_M2,manual design,BHET25,0.016769607551395893,0.10636764764785767,48,0.08959804009646177,120,,6
MU00032,WorrisomeBathroom,SRR22234379_583440_M3,manual design,BHET12.5,0.0013308827765285969,0.0724460780620575,96,0.0711151952855289,120,single_degradation_point,6
MU00032,WorrisomeBathroom,SRR22234379_583440_M3,manual design,BHET25,0.015090685803443193,0.09600244974717498,96,0.08091176394373178,120,single_degradation_point,6
MU00033,HonestPartner,SRR22234379_583440_M4,manual design,BHET12.5,0.046436275355517864,0.04826470697298646,24,0.0018284316174685955,120,,6
MU00033,HonestPartner,SRR22234379_583440_M4,manual design,BHET25,0.04631617577979341,0.0579607835970819,24,0.011644607817288488,120,,6
PbsA,AffectionateRule,BAB86909.1,GenBank,BHET12.5,0.059372548887040466,-0.006524509808514267,8,-0.06589705869555473,72,peak_at_start,6
PbsA,AffectionateRule,BAB86909.1,GenBank,BHET25,0.13039705934352241,0.00640686260885559,8,-0.12399019673466682,120,peak_at_start,6
PHL7_S131A,HilariousAssistant,SAY37592.1_M1,manual design,BHET12.5,0.05418137356173247,-0.004026960930787027,8,-0.0582083344925195,72,peak_at_start,6
PHL7_S131A,HilariousAssistant,SAY37592.1_M1,manual design,BHET25,0.12300490177585743,0.005509803624590859,8,-0.11749509815126657,120,peak_at_start,6
PlaM4,VirtuousPause,BAF57210.1,GenBank,BHET12.5,0.049539215164259076,-0.005343137076124549,8,-0.054882352240383625,72,peak_at_start,6
PlaM4,VirtuousPause,BAF57210.1,GenBank,BHET25,0.11705391996838443,0.014901960765200783,8,-0.10215195920318365,72,peak_at_start,6
PLE628,DifferentExpression,UUT36763.1,GenBank,BHET12.5,0.007426472447150445,0.003475490026175976,48,-0.003950982420974469,96,,6
PLE628,DifferentExpression,UUT36763.1,GenBank,BHET25,0.022977940854616463,0.01194607827346772,8,-0.011031862581148744,120,peak_at_start,6
Proteinase K,SilverMouth,P06873.2,GenBank,BHET12.5,0.045188725693151355,-0.004953431198373437,8,-0.05014215689152479,72,peak_at_start,6
Proteinase K,SilverMouth,P06873.2,GenBank,BHET25,0.10382353136083111,0.00746568659087643,8,-0.09635784476995468,72,peak_at_start,6
ProteinT-FLTIER,DrearyExercise,P80146.3_M1,manual design,BHET12.5,0.0430784315103665,-0.0057303920621052384,8,-0.04880882357247174,72,peak_at_start,6
ProteinT-FLTIER,DrearyExercise,P80146.3_M1,manual design,BHET25,0.10783333360450342,0.007399509951937944,8,-0.10043382365256548,72,peak_at_start,6
Rb-8,ThriftyIt,MBQ0729274.1,GenBank,BHET12.5,0.01911764695250895,0.0015392156783491373,48,-0.01757843127415981,96,,6
Rb-8,ThriftyIt,MBQ0729274.1,GenBank,BHET25,0.003338235546834767,0.014299019851023331,96,0.010960784304188564,120,single_degradation_point,6
Subtilisin,DullAccident,P29600.1_M1,manual design,BHET12.5,0.039151961682364345,-0.00514215650036931,8,-0.044294118182733655,72,peak_at_start,6
Subtilisin,DullAccident,P29600.1_M1,manual design,BHET25,0.09106372474343516,0.0072352941206190735,8,-0.08382843062281609,72,peak_at_start,6
TB13,AdolescentClass,BAC67195.1,GenBank,BHET12.5,0.054379901150241494,-0.008948529371991754,8,-0.06332843052223325,72,peak_at_start,6
TB13,AdolescentClass,BAC67195.1,GenBank,BHET25,0.11585784312228498,0.005852941236298648,8,-0.11000490188598633,120,peak_at_start,6
Thc_Cut1,MatureBeer,ADV92526.1,GenBank,BHET12.5,0.047237744845915586,-0.0019632354378700256,8,-0.04920098028378561,120,peak_at_start,6
Thc_Cut1,MatureBeer,ADV92526.1,GenBank,BHET25,0.07491911808028817,0.03984068660065532,8,-0.035078431479632854,48,peak_at_start,6
Thc_Cut1_2,TrueOven,ADV92526.1,GenBank,BHET12.5,0.023691176960710436,-0.0017352940049022436,8,-0.02542647096561268,72,peak_at_start,6
Thc_Cut1_2,TrueOven,ADV92526.1,GenBank,BHET25,0.04530392092419788,0.008573529310524464,8,-0.03673039161367342,120,peak_at_start,6